{
  "en": [
    {"label": "Akola", "value": "Akola"},
    {"label": "Amravati", "value": "Amravati"},
    {"label": "Buldana", "value": "Buldana"},
    {"label": "Aurangabad", "value": "Aurangabad"},
    {"label": "Beed", "value": "Beed"},
    {"label": "Jalna", "value": "Jalna"},
    {"label": "Osmanabad", "value": "Osmanabad"},
    {"label": "Nanded", "value": "Nanded"},
    {"label": "Latur", "value": "Latur"},
    {"label": "Parbhani", "value": "Parbhani"},
    {"label": "Hingoli", "value": "Hingoli"},
    {"label": "Mumbai City", "value": "Mumbai City"},
    {"label": "Mumbai Suburban", "value": "Mumbai Suburban"},
    {"label": "Palghar", "value": "Palghar"},
    {"label": "Raigad", "value": "Raigad"},
    {"label": "Ratnagiri", "value": "Ratnagiri"},
    {"label": "Bhandara", "value": "Bhandara"},
    {"label": "Chandrapur", "value": "Chandrapur"},
    {"label": "Gadchiroli", "value": "Gadchiroli"},
    {"label": "Gondia", "value": "Gondia"},
    {"label": "Ahmednagar", "value": "Ahmednagar"},
    {"label": "Dhule", "value": "Dhule"},
    {"label": "Jalgaon", "value": "Jalgaon"},
    {"label": "Nandurbar", "value": "Nandurbar"},
    {"label": "Navi Mumbai", "value": "Navi Mumbai"},
    {"label": "Nagpur", "value": "Nagpur"},
    {"label": "Nashik", "value": "Nashik"},
    {"label": "Kolhapur", "value": "Kolhapur"},
    {"label": "Pune", "value": "Pune"},
    {"label": "Sangli", "value": "Sangli"},
    {"label": "Satara", "value": "Satara"},
    {"label": "Sindhudurg", "value": "Sindhudurg"},
    {"label": "Solapur", "value": "Solapur"},
    {"label": "Thane", "value": "Thane"},
    {"label": "Ulhasnagar", "value": "Ulhasnagar"},
    {"label": "Washim", "value": "Washim"},
    {"label": "Wardha", "value": "Wardha"},
    {"label": "Yavatmal", "value": "Yavatmal"},
    {"label": "Not specific to district", "value": "Not specific to district"}
  ],
  "hi": [
    {"label": "अकोला", "value": "अकोला"},
    {"label": "अमरावती", "value": "अमरावती"},
    {"label": "Buldana", "value": "Buldana"},
    {"label": "औरंगाबाद", "value": "औरंगाबाद"},
    {"label": "Beed", "value": "Beed"},
    {"label": "जलना", "value": "जलना"},
    {"label": "उस्मानाबाद", "value": "उस्मानाबाद"},
    {"label": "Nanded", "value": "Nanded"},
    {"label": "लातूर", "value": "लातूर"},
    {"label": "परभनी", "value": "परभनी"},
    {"label": "Hingoli", "value": "Hingoli"},
    {"label": "मुंबई शहर", "value": "मुंबई शहर"},
    {"label": "मुंबई उपनगरीय", "value": "मुंबई उपनगरीय"},
    {"label": "Palghar", "value": "Palghar"},
    {"label": "Raigad", "value": "Raigad"},
    {"label": "Ratnagiri", "value": "Ratnagiri"},
    {"label": "Bhandara", "value": "Bhandara"},
    {"label": "Chandrapur", "value": "Chandrapur"},
    {"label": "Gadchiroli", "value": "Gadchiroli"},
    {"label": "Gondia", "value": "Gondia"},
    {"label": "अहमदनगर", "value": "अहमदनगर"},
    {"label": "धुले", "value": "धुले"},
    {"label": "Jalgaon", "value": "Jalgaon"},
    {"label": "नंदुरबार", "value": "नंदुरबार"},
    {"label": "नवी मुंबई", "value": "नवी मुंबई"},
    {"label": "नागपुर", "value": "नागपुर"},
    {"label": "नासिक", "value": "नासिक"},
    {"label": "कोल्हापुर", "value": "कोल्हापुर"},
    {"label": "पुणे", "value": "पुणे"},
    {"label": "सांगली", "value": "सांगली"},
    {"label": "Satara", "value": "Satara"},
    {"label": "Sindhudurg", "value": "Sindhudurg"},
    {"label": "सोलापुर", "value": "सोलापुर"},
    {"label": "थाइन", "value": "थाइन"},
    {"label": "उल्हासनगर", "value": "उल्हासनगर"},
    {"label": "Washim", "value": "Washim"},
    {"label": "वर्धा", "value": "वर्धा"},
    {"label": "Yavatmal", "value": "Yavatmal"},
    {"label": "जिले के लिए विशिष्ट नहीं", "value": "जिले के लिए विशिष्ट नहीं"}
  ],
  "mr": [
    {"label": "अकोला", "value": "अकोला"},
    {"label": "अमरावती", "value": "अमरावती"},
    {"label": "Buldana", "value": "Buldana"},
    {"label": "औरंगाबाद", "value": "औरंगाबाद"},
    {"label": "Beed", "value": "Beed"},
    {"label": "जालना", "value": "जालना"},
    {"label": "उस्मानाबाद", "value": "उस्मानाबाद"},
    {"label": "Nanded", "value": "Nanded"},
    {"label": "लातूर", "value": "लातूर"},
    {"label": "परभणी", "value": "परभणी"},
    {"label": "Hingoli", "value": "Hingoli"},
    {"label": "मुंबई शहर", "value": "मुंबई शहर"},
    {"label": "मुंबई उपनगर", "value": "मुंबई उपनगर"},
    {"label": "पालघर", "value": "पालघर"},
    {"label": "Raigad", "value": "Raigad"},
    {"label": "Ratnagiri", "value": "Ratnagiri"},
    {"label": "Bhandara", "value": "Bhandara"},
    {"label": "Chandrapur", "value": "Chandrapur"},
    {"label": "Gadchiroli", "value": "Gadchiroli"},
    {"label": "Gondia", "value": "Gondia"},
    {"label": "अहमदनगर", "value": "अहमदनगर"},
    {"label": "धुळे", "value": "धुळे"},
    {"label": "Jalgaon", "value": "Jalgaon"},
    {"label": "नंदुरबार", "value": "नंदुरबार"},
    {"label": "नवी मुंबई", "value": "नवी मुंबई"},
    {"label": "नागपूर", "value": "नागपूर"},
    {"label": "नाशिक", "value": "नाशिक"},
    {"label": "कोल्हापूर", "value": "कोल्हापूर"},
    {"label": "पुणे", "value": "पुणे"},
    {"label": "सांगली", "value": "सांगली"},
    {"label": "Satara", "value": "Satara"},
    {"label": "Sindhudurg", "value": "Sindhudurg"},
    {"label": "सोलापूर", "value": "सोलापूर"},
    {"label": "ठाणे", "value": "ठाणे"},
    {"label": "उल्हासनगर", "value": "उल्हासनगर"},
    {"label": "Washim", "value": "Washim"},
    {"label": "वर्धा", "value": "वर्धा"},
    {"label": "Yavatmal", "value": "Yavatmal"},
    {"label": "जिल्हा नाही विशिष्ट", "value": "जिल्हा नाही विशिष्ट"}
  ]
}
